{"cameraMode":{"drawMode":0,"name":"Shaded","section":"Shading Mode"},"sceneLighting":false,"audioPlay":false,"sceneViewState":{"showFog":true,"showMaterialUpdate":false,"showSkybox":false,"showFlares":true,"showImageEffects":true,"showParticleSystems":true},"in2DMode":false,"pivot":{"x":2.140000104904175,"y":0.6799999475479126,"z":-1.2461997270584107},"rotation":{"x":-0.14622844755649568,"y":0.8465070128440857,"z":-0.4170941114425659,"w":-0.29677578806877139},"size":0.8660285472869873,"orthographic":false}