{"cameraMode":{"drawMode":0,"name":"Shaded","section":"Shading Mode"},"sceneLighting":true,"audioPlay":false,"sceneViewState":{"showFog":true,"showMaterialUpdate":false,"showSkybox":true,"showFlares":true,"showImageEffects":true,"showParticleSystems":true},"in2DMode":false,"pivot":{"x":34.00917434692383,"y":-26.2041015625,"z":-8.662482261657715},"rotation":{"x":0.19954456388950349,"y":0.7105886936187744,"z":-0.22261835634708405,"w":0.636938214302063},"size":27.7293758392334,"orthographic":false}